controller,scenario,success,rmse_h,max_abs_h,rmse_theta_deg,max_abs_theta_deg,rmse_v,sat_ratio,failure_reason,qp_success_ratio,qp_solver_success_ratio,qp_fallback_ratio,mean_qp_iterations,mean_qp_solve_time_ms,max_qp_solve_time_ms,max_qp_primal_residual,max_qp_dual_residual,max_qp_eq_residual,max_qp_ineq_violation,max_qp_friction_ratio,max_qp_leg_slack,max_qp_height_slack,rmse_v_steady_t_ge_2,sat_ratio_wheel,sat_ratio_knee,sat_ratio_hip,jerk_proxy,torque_energy
lqr,A_impulse_push,1,0.0131259,0.0452179,0.183444,0.550904,0.277174,0,none,,,,,,,,,,,,,,0.0411529,0,0,0,410.962,156890
wbc_qp,A_impulse_push,1,1.1158e-07,1.29582e-07,3.19791e-06,4.54115e-06,0.13672,0,none,1,1,0,69.1011,0.0242009,0.079208,9.9879e-14,1.36242e-10,1.13687e-13,0,0.3846,0,0,0.0553427,0,0,0,438.969,160711
rl_ppo,A_impulse_push,1,0.00627052,0.00701438,2.16455,2.30312,0.207828,0,none,,,,,,,,,,,,,,0.0612216,0,0,0,424.312,157540
rl_ppo_feedforward,A_impulse_push,1,0.00883138,0.0107057,4.5823,5.29355,1.90226,0,none,,,,,,,,,,,,,,1.96814,0,0,0,398.529,150516
rl_ppo_direct,A_impulse_push,1,0.00118581,0.00202614,0.453123,1.71523,0.0331944,0,none,,,,,,,,,,,,,,0.0319228,0,0,0,513.64,161322
lqr,B_constant_push,1,0.0329713,0.0369563,0.61277,0.72667,0.716189,0,none,,,,,,,,,,,,,,0.779114,0,0,0,14.7809,154773
wbc_qp,B_constant_push,1,1.02392e-07,1.28233e-07,2.50918e-06,4.44615e-06,0.194735,0,none,1,1,0,98.6891,0.0344958,0.082875,1.08665e-13,6.95979e-11,1.13687e-13,0,0.372557,0,0,0.141779,0,0,0,46.6016,139026
rl_ppo,B_constant_push,1,0.00649313,0.00758599,2.61278,2.75236,0.378049,0,none,,,,,,,,,,,,,,0.383126,0,0,0,27.0761,137904
rl_ppo_feedforward,B_constant_push,1,0.0218431,0.0271136,3.46214,5.01642,4.14001,0,none,,,,,,,,,,,,,,4.75429,0,0,0,0.142443,180518
rl_ppo_direct,B_constant_push,1,0.00591087,0.00646457,1.38255,1.61868,0.0373957,0,none,,,,,,,,,,,,,,0.0301137,0,0,0,275.667,142151
lqr,C_rough_terrain,1,0.0351432,0.119959,0.337325,0.935526,0.563742,0,none,,,,,,,,,,,,,,0.184464,0,0,0,4984.69,159339
wbc_qp,C_rough_terrain,1,0.000199234,0.000669483,0.00556462,0.012496,0.162961,0.0291303,none,1,1,0,256.149,0.0915893,1.11692,3.26579e-13,5.55459e-10,3.12639e-13,0,0.721906,0,0,0.0567633,0,0.0873908,0,142.449,171683
rl_ppo,C_rough_terrain,1,0.0160703,0.065041,2.21181,2.60334,0.456717,0.0337079,none,,,,,,,,,,,,,,0.190199,0,0.101124,0,4531.24,164298
rl_ppo_feedforward,C_rough_terrain,1,0.0167545,0.0347597,4.81623,5.73099,1.96207,0,none,,,,,,,,,,,,,,2.04438,0,0,0,0.0142106,192628
rl_ppo_direct,C_rough_terrain,1,0.00308006,0.0152225,1.26121,3.39796,0.0321424,0.0183104,none,,,,,,,,,,,,,,0.0300452,0,0.0549313,0,244.004,171287
lqr,C_noise_terrain,1,0.0166902,0.0431558,0.176964,0.528042,0.26502,0,none,,,,,,,,,,,,,,0.0552237,0,0,0,13.993,157132
wbc_qp,C_noise_terrain,1,2.4831e-05,6.09078e-05,0.000109199,0.000351822,0.134539,0,none,1,1,0,227.778,0.0789882,1.23733,1.08349e-13,5.66787e-11,1.13687e-13,0,0.368075,0,0,0.0477884,0,0,0,26.6611,163717
rl_ppo,C_noise_terrain,1,0.00771681,0.0126452,2.16238,2.31007,0.203843,0,none,,,,,,,,,,,,,,0.0769132,0,0,0,19.818,160010
rl_ppo_feedforward,C_noise_terrain,1,0.0088819,0.0110658,4.74189,5.27491,1.97375,0,none,,,,,,,,,,,,,,2.05983,0,0,0,0.0110266,147094
rl_ppo_direct,C_noise_terrain,1,0.00113414,0.00215132,0.449213,1.6075,0.0301187,0,none,,,,,,,,,,,,,,0.0275619,0,0,0,118.658,164132
lqr,D_large_irregular_terrain,1,0.012245,0.0367394,0.130209,0.401421,0.267238,0,none,,,,,,,,,,,,,,0.18323,0,0,0,9844.38,156720
wbc_qp,D_large_irregular_terrain,1,0.000140658,0.000373828,0.00528322,0.0114472,0.134869,0.0166459,none,1,1,0,220.787,0.0773343,1.30667,1.08251e-13,5.01289e-11,1.13687e-13,0,0.738495,0,0,0.0492567,0,0.0499376,0,555.946,163589
rl_ppo,D_large_irregular_terrain,1,0.00697024,0.0143683,2.18999,2.37638,0.242131,0,none,,,,,,,,,,,,,,0.191295,0,0,0,9075.67,155285
rl_ppo_feedforward,D_large_irregular_terrain,1,0.0338243,0.0704937,4.10001,6.39614,1.97539,0.158968,none,,,,,,,,,,,,,,2.06116,0,0.476904,0,0.0150603,190244
rl_ppo_direct,D_large_irregular_terrain,1,0.00137421,0.004316,0.949971,2.30264,0.0319872,0.00457761,none,,,,,,,,,,,,,,0.0305151,0,0.0137328,0,349.421,165279
lqr,E_combined_stress,1,0.027797,0.0465068,0.49056,0.699141,0.583288,0,none,,,,,,,,,,,,,,0.620662,0,0,0,52580.2,155794
wbc_qp,E_combined_stress,1,0.000193159,0.000538514,0.0116532,0.0207308,0.199604,0.0162297,none,1,1,0,220.599,0.07823,1.30933,1.07838e-13,2.74686e-11,1.13687e-13,0,0.750669,0,0,0.140016,0.019975,0.0287141,0,5858.38,150821
rl_ppo,E_combined_stress,1,0.00682578,0.0126715,2.61513,2.79479,0.31866,0.00166459,none,,,,,,,,,,,,,,0.301933,0,0.00499376,0,44638.6,141729
rl_ppo_feedforward,E_combined_stress,1,0.0197953,0.0320401,4.46507,6.588,2.97891,0.0728256,none,,,,,,,,,,,,,,3.36819,0.0224719,0.196005,0,58583.1,181314
rl_ppo_direct,E_combined_stress,1,0.00518021,0.00813953,1.34637,2.85075,0.0351982,0.00832293,none,,,,,,,,,,,,,,0.0233271,0.00873908,0.0162297,0,3169.62,152304
lqr,F_high_speed_flat,1,0.0317945,0.111628,0.369949,1.13247,0.66862,0,none,,,,,,,,,,,,,,0.0255396,0,0,0,61.2643,171795
wbc_qp,F_high_speed_flat,1,0.00205796,0.0072251,0.0393851,0.139383,0.711424,0.0632543,none,1,1,0,131.367,0.0444078,0.196708,1.07305e-13,6.95979e-11,1.13687e-13,0,0.503638,0,0,0.346963,0,0.189763,0,71.1698,182434
rl_ppo,F_high_speed_flat,1,0.0174302,0.0695724,3.00367,4.0707,0.520044,0.0466084,none,,,,,,,,,,,,,,0.119807,0.0362047,0.10362,0,97.4719,175614
rl_ppo_feedforward,F_high_speed_flat,1,0.0157067,0.0195346,5.43827,8.7344,3.648,0,none,,,,,,,,,,,,,,3.5497,0,0,0,0.427112,164185
rl_ppo_direct,F_high_speed_flat,1,0.0229629,0.0843808,2.81143,3.61815,0.294216,0.0636704,none,,,,,,,,,,,,,,0.248658,0.0774032,0.113608,0,321.301,184613
lqr,G_requirement_boundary,1,0.048815,0.102587,0.821236,0.948429,1.07535,0.00790678,none,,,,,,,,,,,,,,0.976087,0.0237203,0,0,45775.6,164102
wbc_qp,G_requirement_boundary,1,0.000427596,0.00189108,0.0141035,0.0331627,0.388153,0.0270495,none,1,1,0,231.929,0.0825433,1.11854,3.26579e-13,5.55459e-10,3.12639e-13,0,0.768324,0,0,0.248819,0.0174782,0.0636704,0,4807.11,151155
rl_ppo,G_requirement_boundary,1,0.010703,0.0401686,3.01753,3.45545,0.636422,0.0432792,none,,,,,,,,,,,,,,0.482779,0.0274657,0.102372,0,39869.2,146892
rl_ppo_feedforward,G_requirement_boundary,1,0.0242716,0.0414372,3.14154,3.90085,4.52191,0.0998752,none,,,,,,,,,,,,,,5.10286,0,0.299625,0,39954.6,194420
rl_ppo_direct,G_requirement_boundary,1,0.0153564,0.0216753,4.05632,4.7711,0.158749,0.0407824,none,,,,,,,,,,,,,,0.138405,0.0237203,0.0986267,0,2992.84,156170
